{"items":[{"Speed":456.0,"Maneuverability":7.516932487487793,"Durablibity":31.809900283813478}]}